{
  "jType": [1, 1, 1, 1, 1, 1, 1],
  "nDof": 7,
  "g": [0, 0, -9.81],
  "KinPar": {
    "xyz": [
      [0.0, 0.0, 0.0, 0.0825, -0.0825, 0.0, 0.088, 0.0],
      [0.0, 0.0, -0.316, 0.0, 0.384, 0.0, 0.0, 0.0],
      [0.333, 0.0, 0.0, 0.0, 0.0, 0.0, 0.0, 0.107]
    ],
    "rpy": [
      [
        0.0, -1.57079632679, 1.57079632679, 1.57079632679, -1.57079632679,
        1.57079632679, 1.57079632679, 0.0
      ],
      [0.0, 0.0, 0.0, 0.0, 0.0, 0.0, 0.0, 0.0],
      [0.0, 0.0, 0.0, 0.0, 0.0, 0.0, 0.0, 0.0]
    ]
  },
  "DynPar": {
    "m": [
      0.629769, 4.970684, 0.646926, 3.228604, 3.587895, 1.225946, 1.666555,
      0.7355955522000001
    ],
    "r": [
      [
        -0.041018, 0.003875, -0.003141, 0.027518, -0.05317, -0.011953, 0.060149,
        0.010515948405159483
      ],
      [
        -0.00014, 0.002081, -0.02872, 0.039252, 0.104419, 0.041065, -0.014117,
        -0.004251574842515747
      ],
      [
        0.049974, -0.04762, 0.003495, -0.066502, 0.027454, -0.038437, -0.010517,
        0.061601539846015387
      ]
    ],
    "I": [
      [
        [
          0.00315, 0.70337, 0.007962, 0.037242, 0.025853, 0.035549, 0.001964,
          0.012528668937382388
        ],
        [
          8.2904e-7, -0.000139, -0.003925, -0.004761, 0.007796, -0.002117,
          0.000109, -0.0004284247112007115
        ],
        [
          0.00015, 0.006772, 0.010254, -0.011396, -0.001332, -0.004037,
          -0.001158, -0.0011960844820898178
        ]
      ],
      [
        [
          8.2904e-7, -0.000139, -0.003925, -0.004761, 0.007796, -0.002117,
          0.000109, -0.0004284247112007115
        ],
        [
          0.00388, 0.70661, 0.02811, 0.036155, 0.019552, 0.029474, 0.004354,
          0.010037186742324043
        ],
        [
          8.2299e-6, 0.019169, 0.000704, -0.012805, 0.008641, 0.000229,
          0.000341, -0.0007417551980939522
        ]
      ],
      [
        [
          0.00015, 0.006772, 0.010254, -0.011396, -0.001332, -0.004037,
          -0.001158, -0.0011960844820898178
        ],
        [
          8.2299e-6, 0.019169, 0.000704, -0.012805, 0.008641, 0.000229,
          0.000341, -0.0007417551980939522
        ],
        [
          0.004285, 0.009117, 0.025995, 0.01083, 0.028323, 0.008627, 0.005433,
          0.0048631594642503115
        ]
      ]
    ],
    "Im": [0.001, 0.001, 0.001, 0.001, 0.001, 0.001, 0.001, 0.001],
    "Fc": [0.0, 0.0, 0.0, 0.0, 0.0, 0.0, 0.0, 0.0],
    "Fv": [0.0, 0.0, 0.0, 0.0, 0.0, 0.0, 0.0, 0.0],
    "kr": [1.0, 1.0, 1.0, 1.0, 1.0, 1.0, 1.0, 1.0]
  },
  "DynPar_inf": {
    "m": [
      0.5667921, 4.4736156000000005, 0.5822334, 2.9057435999999996, 3.2291055,
      1.1033514, 1.4998995, 0.66203599698
    ],
    "r": [
      [
        -0.0451198, 0.0034875, -0.0034551, 0.024766200000000002,
        -0.058487000000000004, -0.0131483, 0.054134100000000004,
        0.009464353564643535
      ],
      [
        -0.00015399999999999998, 0.0018728999999999998, -0.031592,
        0.035326800000000005, 0.0939771, 0.0369585, -0.0155287,
        -0.004676732326767322
      ],
      [
        0.0449766, -0.052382000000000005, 0.0031455, -0.0731522,
        0.024708599999999997, -0.0422807, -0.011568700000000001,
        0.055441385861413846
      ]
    ],
    "I": [
      [
        [
          0.002835, 0.6330330000000001, 0.0071658, 0.0335178,
          0.023267700000000002, 0.0319941, 0.0017676, 0.011275802043644149
        ],
        [
          7.46136e-7, -0.00015289999999999998, -0.004317499999999999,
          -0.0052371, 0.0070164, -0.0023287, 9.81e-5, -0.00047126718232078264
        ],
        [
          0.00013499999999999997, 0.0060948, 0.0092286, -0.0125356, -0.0014652,
          -0.0044407, -0.0012737999999999998, -0.0013156929302987996
        ]
      ],
      [
        [
          7.46136e-7, -0.00015289999999999998, -0.004317499999999999,
          -0.0052371, 0.0070164, -0.0023287, 9.81e-5, -0.00047126718232078264
        ],
        [
          0.0034920000000000003, 0.635949, 0.025299, 0.0325395, 0.0175968,
          0.0265266, 0.0039186, 0.009033468068091638
        ],
        [
          7.406910000000001e-6, 0.0172521, 0.0006336, -0.0140855, 0.0077769,
          0.00020610000000000002, 0.0003069, -0.0008159307179033475
        ]
      ],
      [
        [
          0.00013499999999999997, 0.0060948, 0.0092286, -0.0125356, -0.0014652,
          -0.0044407, -0.0012737999999999998, -0.0013156929302987996
        ],
        [
          7.406910000000001e-6, 0.0172521, 0.0006336, -0.0140855, 0.0077769,
          0.00020610000000000002, 0.0003069, -0.0008159307179033475
        ],
        [
          0.0038564999999999997, 0.0082053, 0.0233955, 0.009746999999999999,
          0.0254907, 0.007764299999999999, 0.0048897, 0.00437684351782528
        ]
      ]
    ],
    "Im": [0.001, 0.001, 0.001, 0.001, 0.001, 0.001, 0.001, 0.001],
    "Fc": [0.0, 0.0, 0.0, 0.0, 0.0, 0.0, 0.0, 0.0],
    "Fv": [0.0, 0.0, 0.0, 0.0, 0.0, 0.0, 0.0, 0.0],
    "kr": [1.0, 1.0, 1.0, 1.0, 1.0, 1.0, 1.0, 1.0]
  },
  "DynPar_sup": {
    "m": [
      0.6927459, 5.4677524, 0.7116186, 3.5514644, 3.9466845, 1.3485406,
      1.8332105, 0.8091551074200001
    ],
    "r": [
      [
        -0.036916199999999996, 0.0042625, -0.0028269000000000002, 0.0302698,
        -0.047853, -0.0107577, 0.0661639, 0.011567543245675431
      ],
      [
        -0.000126, 0.0022891, -0.025848, 0.0431772, 0.1148609,
        0.045171499999999996, -0.0127053, -0.0038264173582641726
      ],
      [
        0.0549714, -0.042858, 0.0038445, -0.059851800000000004, 0.0301994,
        -0.0345933, -0.0094653, 0.06776169383061692
      ]
    ],
    "I": [
      [
        [
          0.003465, 0.773707, 0.0087582, 0.040966199999999994, 0.0284383,
          0.0391039, 0.0021604, 0.013781535831120628
        ],
        [
          9.11944e-7, -0.0001251, -0.0035324999999999996,
          -0.0042848999999999995, 0.0085756, -0.0019053, 0.00011990000000000001,
          -0.00038558224008064035
        ],
        [
          0.000165, 0.0074492000000000004, 0.011279399999999998, -0.0102564,
          -0.0011988, -0.0036333, -0.0010422, -0.001076476033880836
        ]
      ],
      [
        [
          9.11944e-7, -0.0001251, -0.0035324999999999996,
          -0.0042848999999999995, 0.0085756, -0.0019053, 0.00011990000000000001,
          -0.00038558224008064035
        ],
        [
          0.004268, 0.7772709999999999, 0.030921, 0.0397705, 0.0215072,
          0.0324214, 0.0047894, 0.011040905416556447
        ],
        [
          9.05289e-6, 0.021085899999999998, 0.0007744, -0.0115245,
          0.009505099999999999, 0.0002519, 0.0003751, -0.000667579678284557
        ]
      ],
      [
        [
          0.000165, 0.0074492000000000004, 0.011279399999999998, -0.0102564,
          -0.0011988, -0.0036333, -0.0010422, -0.001076476033880836
        ],
        [
          9.05289e-6, 0.021085899999999998, 0.0007744, -0.0115245,
          0.009505099999999999, 0.0002519, 0.0003751, -0.000667579678284557
        ],
        [
          0.0047135, 0.0100287, 0.028594500000000002, 0.011913, 0.0311553,
          0.009489699999999998, 0.0059763, 0.005349475410675343
        ]
      ]
    ],
    "Im": [0.001, 0.001, 0.001, 0.001, 0.001, 0.001, 0.001, 0.001],
    "Fc": [0.0, 0.0, 0.0, 0.0, 0.0, 0.0, 0.0, 0.0],
    "Fv": [0.0, 0.0, 0.0, 0.0, 0.0, 0.0, 0.0, 0.0],
    "kr": [1.0, 1.0, 1.0, 1.0, 1.0, 1.0, 1.0, 1.0]
  },
  "Kd": 19.410863162592083,
  "Kp": 94.19540217921858,
  "Ki": 0.0,
  "PSDmax": 0.3,
  "PSDmin": 0.2,
  "freqLim": 15.0,
  "gainMax": 2000.0,
  "kpUnique": 10.0,
  "lambdaK": 0.02,
  "sampleT": 0.001,
  "winSize": 128,
  "winPerc": 0.875,
  "dqThreshold": 0.1,