{
  "jType": [1, 1, 1, 1, 1, 1],
  "nDof": 6,
  "g": [0, 0, -9.81],
  "KinPar": {
    "xyz": [
      [0.0, 0.0, 0.0, 0.0, 0.0, 0.0, 0.0],
      [
        0.0, 0.0721499771235, -0.3459998902944126, 0.0721499771235,
        -0.3459998902944126, 0.0721499771235, -0.131999958147
      ],
      [
        0.214, 0.132057454972, -0.07187447095810308, 0.132057454972,
        -0.07187447095810308, 0.132057454972, -0.0720448848742
      ]
    ],
    "rpy": [
      [0.0, -1.57, 1.57, -1.57, 1.57, -1.57, 1.57],
      [-0.0, -0.0, -0.0, -0.0, -0.0, -0.0, -0.0],
      [0.0, 0.0, 0.0, 0.0, 0.0, 0.0, 0.0]
    ]
  },
  "DynPar": {
    "m": [
      2.1554934, 2.4831473500000003, 3.3562637, 2.4831473500000003, 3.3562637,
      2.4831473500000003, 2.6057703
    ],
    "r": [
      [0.0, 0.0, 0.0, 0.0, 0.0, 0.0, -0.0035056812183330197],
      [
        0.0, -0.010252174228079135, -0.15920170572310222, -0.010252174228079135,
        -0.15920170572310222, -0.010252174228079135, -0.10534226237827682
      ],
      [
        0.10122050053074902, 0.06000864967113032, -0.0624703173150967,
        0.06000864967113032, -0.0624703173150967, 0.06000864967113032,
        -0.05976185441538657
      ]
    ],
    "I": [
      [
        [
          0.01276295388945813, 0.01928619759942857, 0.050070528360793246,
          0.01928619759942857, 0.050070528360793246, 0.01928619759942857,
          0.021172950258134256
        ],
        [
          -1.14168e-5, 1.85391877e-5, 9.247463535769572e-6, 1.85391877e-5,
          9.247463535769572e-6, 1.85391877e-5, -0.0006389182575049077
        ],
        [
          2.71689e-6, 2.942046472e-5, 1.1523990412173294e-5, 2.942046472e-5,
          1.1523990412173294e-5, 2.942046472e-5, -0.00011178037718314853
        ]
      ],
      [
        [
          -1.14168e-5, 1.85391877e-5, 9.247463535769572e-6, 1.85391877e-5,
          9.247463535769572e-6, 1.85391877e-5, -0.0006389182575049077
        ],
        [
          0.012659310889458129, 0.018110331133240416, 0.006846459085187005,
          0.018110331133240416, 0.006846459085187005, 0.018110331133240416,
          0.0054788883953505165
        ],
        [
          8.76312e-5, 0.001264955729745739, -0.004714146208700436,
          0.001264955729745739, -0.004714146208700436, 0.001264955729745739,
          -0.0029100160428766233
        ]
      ],
      [
        [
          2.71689e-6, 2.942046472e-5, 1.1523990412173294e-5, 2.942046472e-5,
          1.1523990412173294e-5, 2.942046472e-5, -0.00011178037718314853
        ],
        [
          8.76312e-5, 0.001264955729745739, -0.004714146208700436,
          0.001264955729745739, -0.004714146208700436, 0.001264955729745739,
          -0.0029100160428766233
        ],
        [
          0.0042026258, 0.13364599029618818, 0.17765173709560625,
          0.13364599029618818, 0.17765173709560625, 0.13364599029618818,
          0.14936133228692483
        ]
      ]
    ],
    "Im": [0.001, 0.001, 0.001, 0.001, 0.001, 0.001, 0.001],
    "Fc": [0.0, 0.0, 0.0, 0.0, 0.0, 0.0, 0.0],
    "Fv": [0.0, 0.0, 0.0, 0.0, 0.0, 0.0, 0.0],
    "kr": [1.0, 1.0, 1.0, 1.0, 1.0, 1.0, 1.0]
  },
  "DynPar_inf": {
    "m": [
      1.9399440600000002, 2.234832615, 3.02063733, 2.234832615, 3.02063733,
      2.234832615, 2.34519327
    ],
    "r": [
      [0.0, 0.0, 0.0, 0.0, 0.0, 0.0, -0.0038562493401663217],
      [
        0.0, -0.011277391650887049, -0.17512187629541243, -0.011277391650887049,
        -0.17512187629541243, -0.011277391650887049, -0.1158764886161045
      ],
      [
        0.09109845047767412, 0.05400778470401729, -0.06871734904660637,
        0.05400778470401729, -0.06871734904660637, 0.05400778470401729,
        -0.06573803985692522
      ]
    ],
    "I": [
      [
        [
          0.011486658500512316, 0.017357577839485713, 0.04506347552471392,
          0.017357577839485713, 0.04506347552471392, 0.017357577839485713,
          0.01905565523232083
        ],
        [
          -1.255848e-5, 1.668526893e-5, 8.322717182192615e-6, 1.668526893e-5,
          8.322717182192615e-6, 1.668526893e-5, -0.0007028100832553986
        ],
        [
          2.445201e-6, 2.6478418248e-5, 1.0371591370955965e-5, 2.6478418248e-5,
          1.0371591370955965e-5, 2.6478418248e-5, -0.0001229584149014634
        ]
      ],
      [
        [
          -1.255848e-5, 1.668526893e-5, 8.322717182192615e-6, 1.668526893e-5,
          8.322717182192615e-6, 1.668526893e-5, -0.0007028100832553986
        ],
        [
          0.011393379800512315, 0.016299298019916374, 0.0061618131766683045,
          0.016299298019916374, 0.0061618131766683045, 0.016299298019916374,
          0.004930999555815465
        ],
        [
          7.886808e-5, 0.001138460156771165, -0.00518556082957048,
          0.001138460156771165, -0.00518556082957048, 0.001138460156771165,
          -0.0032010176471642857
        ]
      ],
      [
        [
          2.445201e-6, 2.6478418248e-5, 1.0371591370955965e-5, 2.6478418248e-5,
          1.0371591370955965e-5, 2.6478418248e-5, -0.0001229584149014634
        ],
        [
          7.886808e-5, 0.001138460156771165, -0.00518556082957048,
          0.001138460156771165, -0.00518556082957048, 0.001138460156771165,
          -0.0032010176471642857
        ],
        [
          0.00378236322, 0.12028139126656937, 0.15988656338604562,
          0.12028139126656937, 0.15988656338604562, 0.12028139126656937,
          0.13442519905823236
        ]
      ]
    ],
    "Im": [0.001, 0.001, 0.001, 0.001, 0.001, 0.001, 0.001],
    "Fc": [0.0, 0.0, 0.0, 0.0, 0.0, 0.0, 0.0],
    "Fv": [0.0, 0.0, 0.0, 0.0, 0.0, 0.0, 0.0],
    "kr": [1.0, 1.0, 1.0, 1.0, 1.0, 1.0, 1.0]
  },
  "DynPar_sup": {
    "m": [
      2.37104274, 2.7314620850000004, 3.69189007, 2.7314620850000004,
      3.69189007, 2.7314620850000004, 2.86634733
    ],
    "r": [
      [0.0, 0.0, 0.0, 0.0, 0.0, 0.0, -0.0031551130964997177],
      [
        0.0, -0.009226956805271221, -0.143281535150792, -0.009226956805271221,
        -0.143281535150792, -0.009226956805271221, -0.09480803614044914
      ],
      [
        0.11134255058382392, 0.06600951463824335, -0.05622328558358703,
        0.06600951463824335, -0.05622328558358703, 0.06600951463824335,
        -0.053785668973847914
      ]
    ],