{
  "jType": [
    1,
    1,
    1,
    1
  ],
  "nDof": 4,
  "g": [
    0,
    0,
    -9.81
  ],
  "KinPar": {
    "xyz": [
      [
        0.0,
        0.0,
        0.0,
        0.0,
        0.0
      ],
      [
        0.0,
        0.0721499771235,
        -0.2639999162938228,
        -0.2639999162938228,
        0.0
      ],
      [
        0.214,
        0.132057454972,
        0.00021023025158478648,
        0.00021023025158478648,
        0.0
      ]
    ],
    "rpy": [
      [
        0.0,
        -1.57,
        -9.429569444089264e-21,
        -9.429569444089264e-21,
        0.0
      ],
      [
        -0.0,
        -0.0,
        -0.0,
        -0.0,
        0.0
      ],
      [
        0.0,
        0.0,
        0.0,
        0.0,
        0.0
      ]
    ]
  },
  "DynPar": {
    "m": [
      2.1554934,
      2.56314735,
      3.2435697,
      3.2435697,
      1.3807703
    ],
    "r": [
      [
        0.0,
        0.0,
        0.0,
        0.0,
        0.0
      ],
      [
        0.0,
        -0.009932187186270428,
        -0.14571214506695016,
        -0.14571214506695016,
        -0.03481138012914979
      ],
      [
        0.10122050053074902,
        0.057372925660300285,
        -0.06916786166810769,
        -0.06916786166810769,
        -0.04695221618500738
      ]
    ],
    "I": [
      [
        [
          0.01276295388945813,
          0.01984703923982175,
          0.044684366199688644,
          0.044684366199688644,
          0.0058611263716583095
        ],
        [
          -1.14168e-05,
          1.85391877e-05,
          3.152207815848567e-05,
          3.152207815848567e-05,
          6.5396659e-06
        ],
        [
          2.71689e-06,
          2.942046472e-05,
          -6.753131212324769e-06,
          -6.753131212324769e-06,
          1.0503049999999994e-07
        ]
      ],
      [
        [
          -1.14168e-05,
          1.85391877e-05,
          3.152207815848567e-05,
          3.152207815848567e-05,
          6.5396659e-06
        ],
        [
          0.012659310889458129,
          0.01866302665255363,
          0.00814486256453551,
          0.00814486256453551,
          0.0031721544991458917
        ],
        [
          8.76312e-05,
          0.0013320550935331742,
          -0.0069006718699045405,
          -0.0069006718699045405,
          -0.0006431360986438042
        ]
      ],
      [
        [
          2.71689e-06,
          2.942046472e-05,
          -6.753131212324769e-06,
          -6.753131212324769e-06,
          1.0503049999999994e-07
        ],
        [
          8.76312e-05,
          0.0013320550935331742,
          -0.0069006718699045405,
          -0.0069006718699045405,
          -0.0006431360986438042
        ],
        [
          0.0042026258,
          0.13365413641726812,
          0.17056000355515313,
          0.17056000355515313,
          0.1340176568925124
        ]
      ]
    ],
    "Im": [
      0.001,
      0.001,
      0.001,
      0.001,
      0.001
    ],
    "Fc": [
      0.0,
      0.0,
      0.0,
      0.0,
      0.0
    ],
    "Fv": [
      0.0,
      0.0,
      0.0,
      0.0,
      0.0
    ],
    "kr": [
      1.0,
      1.0,
      1.0,
      1.0,
      1.0
    ]
  },
  "DynPar_inf": {
    "m": [
      2.04771873,
      2.4349899825,
      3.081391215,
      3.081391215,
      1.311731785
    ],
    "r": [
      [
        0.0,
        0.0,
        0.0,
        0.0,
        0.0
      ],
      [
        0.0,
        -0.01042879654558395,
        -0.15299775232029766,
        -0.15299775232029766,
        -0.03655194913560728
      ],
      [
        0.09615947550421157,
        0.05450427937728527,
        -0.07262625475151308,
        -0.07262625475151308,
        -0.04929982699425775
      ]
    ],
    "I": [
      [
        [
          0.012124806194985223,
          0.018854687277830663,
          0.042450147889704214,
          0.042450147889704214,
          0.005568070053075394
        ],
        [
          -1.1987640000000001e-05,
          1.7612228315e-05,
          2.994597425056139e-05,
          2.994597425056139e-05,
          6.212682605e-06
        ],
        [
          2.5810455e-06,
          2.7949441484e-05,
          -7.090787772941008e-06,
          -7.090787772941008e-06,
          9.977897499999995e-08
        ]
      ],
      [
        [
          -1.1987640000000001e-05,
          1.7612228315e-05,
          2.994597425056139e-05,
          2.994597425056139e-05,
          6.212682605e-06
        ],
        [
          0.012026345344985222,
          0.017729875319925946,
          0.007737619436308734,
          0.007737619436308734,
          0.003013546774188597
        ],
        [
          8.324964e-05,
          0.0012654523388565156,
          -0.007245705463399767,
          -0.007245705463399767,
          -0.0006752929035759944
        ]
      ],
      [
        [
          2.5810455e-06,
          2.7949441484e-05,
          -7.090787772941008e-06,
          -7.090787772941008e-06,
          9.977897499999995e-08
        ],
        [
          8.324964e-05,
          0.0012654523388565156,
          -0.007245705463399767,
          -0.007245705463399767,
          -0.0006752929035759944
        ],
        [
          0.00399249451,
          0.1269714295964047,
          0.16203200337739548,
          0.16203200337739548,
          0.1273167740478868
        ]
      ]
    ],
    "Im": [
      0.001,
      0.001,
      0.001,
      0.001,
      0.001
    ],
    "Fc": [
      0.0,
      0.0,
      0.0,
      0.0,
      0.0
    ],
    "Fv": [
      0.0,
      0.0,
      0.0,
      0.0,
      0.0
    ],
    "kr": [
      1.0,
      1.0,
      1.0,
      1.0,
      1.0
    ]
  },
  "DynPar_sup": {
    "m": [
      2.26326807,
      2.6913047175,
      3.405748185,
      3.405748185,
      1.449808815
    ],
    "r": [
      [
        0.0,
        0.0,
        0.0,
        0.0,
        0.0
      ],
      [
        0.0,
        -0.009435577826956906,
        -0.13842653781360265,
        -0.13842653781360265,
        -0.0330708111226923
      ],
      [
        0.10628152555728647,
        0.0602415719433153,
        -0.06570946858470231,
        -0.06570946858470231,
        -0.044604605375757014
      ]
    ],
    "I": [
      [
        [
          0.013401101583931036,
          0.020839391201812836,
          0.046918584509673074,
          0.046918584509673074,
          0.006154182690241225
        ],
        [
          -1.084596e-05,
          1.9466147085e-05,
          3.3098182066409956e-05,
          3.3098182066409956e-05,
          6.8666491949999995e-06
        ],
        [
          2.8527345e-06,
          3.0891487956e-05,
          -6.415474651708531e-06,
          -6.415474651708531e-06,
          1.1028202499999994e-07
        ]
      ],
      [
        [
          -1.084596e-05,
          1.9466147085e-05,
          3.3098182066409956e-05,
          3.3098182066409956e-05,
          6.8666491949999995e-06
        ],
        [
          0.013292276433931036,
          0.01959617798518131,
          0.008552105692762286,
          0.008552105692762286,
          0.0033307622241031862
        ],
        [
          9.201276e-05,
          0.0013986578482098329,
          -0.006555638276409314,
          -0.006555638276409314,
          -0.0006109792937116139
        ]
      ],
      [
        [
          2.8527345e-06,
          3.0891487956e-05,
          -6.415474651708531e-06,
          -6.415474651708531e-06,
          1.1028202499999994e-07
        ],
        [
          9.201276e-05,
          0.0013986578482098329,
          -0.006555638276409314,
          -0.006555638276409314,
          -0.0006109792937116139
        ],
        [
          0.00441275709,
          0.14033684323813153,
          0.17908800373291078,
          0.17908800373291078,
          0.14071853973713802
        ]
      ]
    ],
    "Im": [
      0.001,
      0.001,
      0.001,
      0.001,
      0.001
    ],