{
  "jType": [
    1,
    1,
    1,
    1
  ],
  "nDof": 4,
  "g": [
    0,
    0,
    -9.81
  ],
  "KinPar": {
    "xyz": [
      [
        0.0,
        0.0,
        0.0,
        0.0,
        0.0
      ],
      [
        0.0,
        0.0721499771235,
        -0.3459998902944126,
        0.0721499771235,
        0.0
      ],
      [
        0.214,
        0.132057454972,
        -0.07187447095810308,
        0.132057454972,
        0.0
      ]
    ],
    "rpy": [
      [
        0.0,
        -1.57,
        1.57,
        -1.57,
        0.0
      ],
      [
        -0.0,
        -0.0,
        -0.0,
        -0.0,
        0.0
      ],
      [
        0.0,
        0.0,
        0.0,
        0.0,
        0.0
      ]
    ]
  },
  "DynPar": {
    "m": [
      2.1554934,
      2.56314735,
      3.4362637,
      2.56314735,
      1.3807703
    ],
    "r": [
      [
        0.0,
        0.0,
        0.0,
        0.0,
        0.0
      ],
      [
        0.0,
        -0.009932187186270428,
        -0.15644073364233665,
        -0.009932187186270428,
        -0.03481138012914979
      ],
      [
        0.10122050053074902,
        0.057372925660300285,
        -0.06191150822683966,
        0.057372925660300285,
        -0.04695221618500738
      ]
    ],
    "I": [
      [
        [
          0.01276295388945813,
          0.01984703923982175,
          0.05121449230023298,
          0.01984703923982175,
          0.0058611263716583095
        ],
        [
          -1.14168e-05,
          1.85391877e-05,
          9.247463535769572e-06,
          1.85391877e-05,
          6.5396659e-06
        ],
        [
          2.71689e-06,
          2.942046472e-05,
          1.1523990412173294e-05,
          2.942046472e-05,
          1.0503049999999994e-07
        ]
      ],
      [
        [
          -1.14168e-05,
          1.85391877e-05,
          9.247463535769572e-06,
          1.85391877e-05,
          6.5396659e-06
        ],
        [
          0.012659310889458129,
          0.01866302665255363,
          0.006891476390448197,
          0.01866302665255363,
          0.0031721544991458917
        ],
        [
          8.76312e-05,
          0.0013320550935331742,
          -0.00493656836608718,
          0.0013320550935331742,
          -0.0006431360986438042
        ]
      ],
      [
        [
          2.71689e-06,
          2.942046472e-05,
          1.1523990412173294e-05,
          2.942046472e-05,
          1.0503049999999994e-07
        ],
        [
          8.76312e-05,
          0.0013320550935331742,
          -0.00493656836608718,
          0.0013320550935331742,
          -0.0006431360986438042
        ],
        [
          0.0042026258,
          0.13365413641726812,
          0.17875068372978478,
          0.13365413641726812,
          0.1340176568925124
        ]
      ]
    ],
    "Im": [
      0.001,
      0.001,
      0.001,
      0.001,
      0.001
    ],
    "Fc": [
      0.0,
      0.0,
      0.0,
      0.0,
      0.0
    ],
    "Fv": [
      0.0,
      0.0,
      0.0,
      0.0,
      0.0
    ],
    "kr": [
      1.0,
      1.0,
      1.0,
      1.0,
      1.0
    ]
  },
  "DynPar_inf": {
    "m": [
      1.9399440600000002,
      2.306832615,
      3.09263733,
      2.306832615,
      1.24269327
    ],
    "r": [
      [
        0.0,
        0.0,
        0.0,
        0.0,
        0.0
      ],
      [
        0.0,
        -0.01092540590489747,
        -0.1720848070065703,
        -0.01092540590489747,
        -0.03829251814206477
      ],
      [
        0.09109845047767412,
        0.05163563309427026,
        -0.06810265904952363,
        0.05163563309427026,
        -0.05164743780350812
      ]
    ],
    "I": [
      [
        [
          0.011486658500512316,
          0.017862335315839573,
          0.04609304307020968,
          0.017862335315839573,
          0.005275013734492478
        ],
        [
          -1.255848e-05,
          1.668526893e-05,
          8.322717182192615e-06,
          1.668526893e-05,
          5.88569931e-06
        ],
        [
          2.445201e-06,
          2.6478418248e-05,
          1.0371591370955965e-05,
          2.6478418248e-05,
          9.452744999999995e-08
        ]
      ],
      [
        [
          -1.255848e-05,
          1.668526893e-05,
          8.322717182192615e-06,
          1.668526893e-05,
          5.88569931e-06
        ],
        [
          0.011393379800512315,
          0.016796723987298267,
          0.006202328751403377,
          0.016796723987298267,
          0.0028549390492313025
        ],
        [
          7.886808e-05,
          0.0011988495841798567,
          -0.005430225202695899,
          0.0011988495841798567,
          -0.0007074497085081846
        ]
      ],
      [
        [
          2.445201e-06,
          2.6478418248e-05,
          1.0371591370955965e-05,
          2.6478418248e-05,
          9.452744999999995e-08
        ],
        [
          7.886808e-05,
          0.0011988495841798567,
          -0.005430225202695899,
          0.0011988495841798567,
          -0.0007074497085081846
        ],
        [
          0.00378236322,
          0.1202887227755413,
          0.1608756153568063,
          0.1202887227755413,
          0.12061589120326116
        ]
      ]
    ],
    "Im": [
      0.001,
      0.001,
      0.001,
      0.001,
      0.001
    ],
    "Fc": [
      0.0,
      0.0,
      0.0,
      0.0,
      0.0
    ],
    "Fv": [
      0.0,
      0.0,
      0.0,
      0.0,
      0.0
    ],
    "kr": [
      1.0,
      1.0,
      1.0,
      1.0,
      1.0
    ]
  },
  "DynPar_sup": {
    "m": [
      2.37104274,
      2.819462085,
      3.77989007,
      2.819462085,
      1.51884733
    ],
    "r": [
      [
        0.0,
        0.0,
        0.0,
        0.0,
        0.0
      ],
      [
        0.0,
        -0.008938968467643386,
        -0.140796660278103,
        -0.008938968467643386,
        -0.031330242116234815
      ],
      [
        0.11134255058382392,
        0.06311021822633031,
        -0.05572035740415569,
        0.06311021822633031,
        -0.042256994566506646
      ]
    ],
    "I": [
      [
        [
          0.014039249278403942,
          0.021831743163803926,
          0.05633594153025628,
          0.021831743163803926,
          0.006447239008824141
        ],
        [
          -1.027512e-05,
          2.0393106469999998e-05,
          1.017220988934653e-05,
          2.0393106469999998e-05,
          7.19363249e-06
        ],
        [
          2.9885789999999997e-06,
          3.2362511192e-05,
          1.2676389453390624e-05,
          3.2362511192e-05,
          1.1553354999999994e-07
        ]
      ],
      [
        [
          -1.027512e-05,
          2.0393106469999998e-05,
          1.017220988934653e-05,
          2.0393106469999998e-05,
          7.19363249e-06
        ],
        [
          0.013925241978403943,
          0.02052932931780899,
          0.007580624029493017,
          0.02052932931780899,
          0.003489369949060481
        ],
        [
          9.639432000000001e-05,
          0.0014652606028864917,
          -0.004442911529478462,
          0.0014652606028864917,
          -0.0005788224887794237
        ]
      ],
      [
        [
          2.9885789999999997e-06,
          3.2362511192e-05,
          1.2676389453390624e-05,
          3.2362511192e-05,
          1.1553354999999994e-07
        ],
        [
          9.639432000000001e-05,
          0.0014652606028864917,
          -0.004442911529478462,
          0.0014652606028864917,
          -0.0005788224887794237
        ],
        [
          0.00462288838,
          0.14701955005899492,
          0.19662575210276326,
          0.14701955005899492,
          0.14741942258176366
        ]
      ]
    ],
    "Im": [
      0.001,
      0.001,
      0.001,
      0.001,
      0.001
    ],
    "Fc": [
      0.0,
      0.0,
      0.0,
      0.0,
      0.0
    ],